Beta,Accuracy
0.0,0.9019516728624535
0.1,0.6960966542750929
0.2,0.5013940520446096
0.30000000000000004,0.29321561338289964
0.4,0.22351301115241637
0.5,0.16449814126394052
0.6000000000000001,0.14312267657992564
0.7000000000000001,0.09526022304832714
0.8,0.06923791821561338
0.9,0.05390334572490706
1.0,0.04460966542750929
