Beta,Accuracy
0.0,0.9191449814126395
0.2,0.6589219330855018
0.4,0.47026022304832715
0.6000000000000001,0.29739776951672864
0.8,0.18262081784386616
1.0,0.10130111524163568
